bank_path,relation,adaptation_kind,source_year,source_application,source_caderno,source_color,source_position,source_co_prova,co_item,sg_area,co_habilidade,tx_gabarito,in_item_aban,tx_motivo_aban,nu_param_a,nu_param_b,nu_param_c,match_status,notes
BancoDeQuestoes/estatica/Q09Quizestce.Rnw,direct,pending_review,1998,regular,,,7,,,,,,,,,,pre_tri,ENEM 1998; anterior ao modelo TRI do novo ENEM.
BancoDeQuestoes/calortemp/Q07Cal.Rnw,direct,pending_review,2001,regular,,,49,,,,,,,,,,pre_tri,ENEM 2001; anterior ao modelo TRI do novo ENEM.
BancoDeQuestoes/movcircular/Q23TremBalaCurvas.Rnw,direct,pending_review,2009,regular,,,21,,,,,,,,,,pending,ENEM 2009 Q21; cor/caderno ainda a confirmar nos microdados.
BancoDeQuestoes/fisicamoderna/Q109QuizReacaoCadeiaUranio.Rnw,direct,pending_review,2015,regular,1,Azul,73,,,,,,,,,,pending,
BancoDeQuestoes/movcircular/Q14EngrenagensENEM.Rnw,direct,pending_review,2016,regular,2,Amarelo,80,,,,,,,,,,pending,Deriva do mesmo item-fonte que Q93QuizEngrenagensRPM; confirmar posição oficial.
BancoDeQuestoes/cinematica/MCU/Q93QuizEngrenagensRPM.Rnw,direct,pending_review,2016,regular,2,Amarelo,80,,,,,,,,,,pending,Mesmo item-fonte de Q14EngrenagensENEM.
BancoDeQuestoes/cinematica/Q02testQmov.Rnw,direct,pending_review,2016,segunda_aplicacao,,,,,,,,,,,,pending,Questão das motos no Grand Canyon; aplicação a confirmar diretamente na tabela ITENS_PROVA.
BancoDeQuestoes/qtdmov_impulso/Q115NumENEM2016TrilhoAr.Rnw,direct,pending_review,2016,regular,2,Amarelo,69,,,,,,,,,,pending,
BancoDeQuestoes/trabalhopotencia/Q107QuizItaipuPotenciaNaoAproveitada.Rnw,direct,pending_review,2016,regular,2,Amarelo,59,,,,,,,,,,pending,
BancoDeQuestoes/qtdmov_impulso/Q132QuizENEM2017CintosImpulso.Rnw,direct,pending_review,2017,regular,6,Cinza,130,,,,,,,,,,pending,
BancoDeQuestoes/fisicamoderna/Q110QuizCarbono14Datacao.Rnw,direct,pending_review,2017,regular,6,Cinza,123,,,,,,,,,,pending,
BancoDeQuestoes/trabalhopotencia/Q96QuizCamaElasticaEnergiaCinetica.Rnw,direct,pending_review,2017,regular,6,Cinza,104,,,,,,,,,,pending,
BancoDeQuestoes/hidrostatica/Q98QuizCanudosPressaoAtmosferica.Rnw,direct,pending_review,2018,regular,5,Amarelo,103,,,,,,,,,,pending,
BancoDeQuestoes/trabalhopotencia/Q94QuizMolaLancadorVelocidade.Rnw,direct,pending_review,2018,regular,5,Amarelo,98,,,,,,,,,,pending,
BancoDeQuestoes/cinematica/MU/Q94QuizVantSobreposicao.Rnw,direct,pending_review,2019,regular,6,Cinza,97,,,,,,,,,,pending,
BancoDeQuestoes/qtdmov_impulso/Q91QuizTijoloCapaceteImpulso.Rnw,direct,pending_review,2019,regular,6,Cinza,118,,,,,,,,,,pending,
BancoDeQuestoes/cinematica/MCU/Q95QuizFogueteVelocidadeAngularTerra.Rnw,direct,pending_review,2019,regular,6,Cinza,122,,,,,,,,,,pending,
BancoDeQuestoes/cinematica/MCU/Q94QuizEspectrometroHelicoidal.Rnw,direct,pending_review,2019,regular,6,Cinza,126,,,,,,,,,,pending,
BancoDeQuestoes/fisicamoderna/Q111QuizBombaAtomicaFissao.Rnw,direct,pending_review,2020,regular,5,Amarelo,99,,,,,,,,,,pending,
BancoDeQuestoes/trabalhopotencia/Q95QuizParqueSolarArea.Rnw,direct,pending_review,2022,regular,8,Rosa,103,,,,,,,,,,pending,
BancoDeQuestoes/leisdenewton/atrito/Q92QuizMuletaForcas.Rnw,direct,pending_review,2022,regular,8,Rosa,113,,,,,,,,,,pending,
BancoDeQuestoes/gravitacao/Q16QuizBuracoNegroMesmaMassaSolar.Rnw,direct,pending_review,2022,regular,8,Rosa,118,,,,,,,,,,pending,
BancoDeQuestoes/qtdmov_impulso/Q92QuizBarreirasColisaoImpulsoEnergia.Rnw,direct,pending_review,2022,regular,8,Rosa,132,,,,,,,,,,pending,
BancoDeQuestoes/fisicamoderna/Q112QuizEnergiaNuclearCombustiveisFosseis.Rnw,direct,pending_review,2023,regular,7,Azul,93,,,,,,,,,,pending,
BancoDeQuestoes/leisdenewton/maquinas_simples/Q90ClozePoliasAparelhos.Rnw,direct,pending_review,2023,regular,7,Azul,109,,,,,,,,,,pending,
BancoDeQuestoes/leisdenewton/atrito/Q91QuizCaminhaoCargaAtrito.Rnw,direct,pending_review,2023,regular,7,Azul,114,,,,,,,,,,pending,
BancoDeQuestoes/fisicamoderna/Q113QuizRaiosCosmicosDose.Rnw,direct,pending_review,2023,regular,7,Azul,117,,,,,,,,,,pending,
BancoDeQuestoes/cinematica/vetores/Q92ClozeNadadorCorrente.Rnw,direct,pending_review,2024,regular,6,Cinza,96,,,,,,,,,,pending,
BancoDeQuestoes/leisdenewton/forcas/Q92QuizForcaContatoChao.Rnw,direct,pending_review,2024,regular,6,Cinza,98,,,,,,,,,,pending,
BancoDeQuestoes/calorimetria/Q43QuizCalS.Rnw,direct,pending_review,2024,regular,6,Cinza,100,,,,,,,,,,pending,Item original oficialmente anulado; manter IN_ITEM_ABAN/TX_MOTIVO_ABAN quando importados.
BancoDeQuestoes/fisicamoderna/Q114QuizRaiosXBagagem.Rnw,direct,pending_review,2024,regular,6,Cinza,120,,,,,,,,,,pending,
BancoDeQuestoes/trabalhopotencia/Q135QuizENEM2024CrumpleZone.Rnw,direct,pending_review,2024,regular,6,Cinza,126,,,,,,,,,,pending,
BancoDeQuestoes/leisdenewton/estatica/Q93QuizBalanceamentoRoda.Rnw,direct,pending_review,2024,regular,6,Cinza,134,,,,,,,,,,pending,
BancoDeQuestoes/fisicamoderna/Q115QuizCobalto60MeiaVida.Rnw,direct,pending_review,2025,regular,5,Amarelo,110,,,,,,,,,,pending,
BancoDeQuestoes/cinematica/vetores/Q94ClozeAviaoVentoComponentes.Rnw,direct,pending_review,2025,regular,5,Amarelo,128,,,,,,,,,,pending,
