year,official_relative_path,official_source_sha256,normalized_sha256,normalized_rows,normalized_bytes,transport_repository,transport_path
2009,microdados_enem_2009/DADOS/ITENS_PROVA_2009.csv,7d9dde49c641782b12d8a1097a497df673d81f79e86bed1856c0f0f3568c42aa,39646b0adca6fe2a1ecc2964416e91052a70293364e53ed7d5b7c7340198713d,1440,79162,HenriqueLindemann/analise-enem,src/tri_enem/data/itens/2009/ITENS_PROVA_2009.csv
2015,microdados_enem_2015/DADOS/ITENS_PROVA_2015.csv,c3c3a9a98d33ffc513c767b373d1f82d2ebd5d6431147c1bb2ba76ba63fbe392,c294729aa33d931dba12953c110a564857db3f30fb44ba9540e42b9729d99eeb,2775,156907,HenriqueLindemann/analise-enem,src/tri_enem/data/itens/2015/ITENS_PROVA_2015.csv
2016,microdados_enem_2016/DADOS/ITENS_PROVA_2016.csv,9043f322d31c30c31637ee946f86f50759311c87405f532f9d34c20cc4163406,43e6006cd2af0ceb443e7ea036d0853319b8eefdc8b66581b16919b27fb5f2d7,2590,148742,HenriqueLindemann/analise-enem,src/tri_enem/data/itens/2016/ITENS_PROVA_2016.csv
2017,microdados_enem_2017/DADOS/ITENS_PROVA_2017.csv,bd6a258576b65be0b64ba5cee3fc8c4576e008af7672c90c4c79f3abeb6e2e0f,29c093322011ac235744334166f0e30e109dc4b8b87b3f0b15f422572c8166f0,1850,105009,HenriqueLindemann/analise-enem,src/tri_enem/data/itens/2017/ITENS_PROVA_2017.csv
2018,microdados_enem_2018/DADOS/ITENS_PROVA_2018.csv,b521f22e9cd60067943df84e188e25a590d766750c1fbed4b29b2ca32d230626,330d2a26ba963ba84519f4c0783a06298e17818bd6069f5ad7dcef21319184c5,1850,106453,HenriqueLindemann/analise-enem,src/tri_enem/data/itens/2018/ITENS_PROVA_2018.csv
2019,microdados_enem_2019/DADOS/ITENS_PROVA_2019.csv,360fbd34557a4e9889b969c8e80e8fe139f109677bde5e6082e750a4fa227efc,2c7af4a732917d896944860f8c4a04fccb62094eea74fa0c3a343a4e4cc8ccc5,1945,113415,HenriqueLindemann/analise-enem,src/tri_enem/data/itens/2019/ITENS_PROVA_2019.csv
2020,microdados_enem_2020/DADOS/ITENS_PROVA_2020.csv,57c9eea2a56d45271d036da38f1219bdedf4a6295a9b6829690fe6b8db96444b,8dd629c9524df5f72f1080653ad3eac697ddf2ffe21ebe2bb22d729cf0b69345,4415,264413,HenriqueLindemann/analise-enem,src/tri_enem/data/itens/2020/ITENS_PROVA_2020.csv
2022,microdados_enem_2022/DADOS/ITENS_PROVA_2022.csv,58c274f15013094f950ac813fe61c29ea68a557e48e013e45ba2b3abec629400,200c8f27f4e400c8a60d3b6a0842e411de208264ba06b09fa1bfc10ace4e8693,5365,315839,HenriqueLindemann/analise-enem,src/tri_enem/data/itens/2022/ITENS_PROVA_2022.csv
2023,microdados_enem_2023/DADOS/ITENS_PROVA_2023.csv,27b19a80c78071a3ef49b87aa3b89b17cfbeffcf1fa4f1899913d36a54652468,53e7dcec6ce95f8fac8bb7ff4df7a7e95630a5233fd19e0245dd9d36ed00aae9,5550,331345,HenriqueLindemann/analise-enem,src/tri_enem/data/itens/2023/ITENS_PROVA_2023.csv
2024,microdados_enem_2024/DADOS/ITENS_PROVA_2024.csv,6d8e293d1bd59f495feff9deee4aaa9b64fe82fd38a0169e4a06e81e1ade31de,6e36141d806f3e67e9d842f92672d7f3fd305048b4ee6ae019f6bdaba682fd3c,5550,331306,HenriqueLindemann/analise-enem,src/tri_enem/data/itens/2024/ITENS_PROVA_2024.csv
2025,microdados_enem_2025/DADOS/ITENS_PROVA_2025.csv,16688912785563f418773a5c99e562f4b43a95cac79357622f05b3d47c7a35d0,b3cbe87dab85e2811b3136c7c801450de3d6658556af03f0055b4d4f0cb0ca73,6105,366454,HenriqueLindemann/analise-enem,src/tri_enem/data/itens/2025/ITENS_PROVA_2025.csv
